{"nm":"book","mn":"","layers":[{"ty":0,"nm":"trumpet_particle","mn":"","sr":1,"st":18,"op":79,"ip":22,"hd":false,"cl":"","ln":"","ddd":0,"bm":0,"hasMask":false,"ao":0,"ks":{"a":{"a":0,"k":[50,75,0],"ix":1},"s":{"a":0,"k":[100,100,100],"ix":6},"sk":{"a":0,"k":0},"p":{"a":0,"k":[0,-32.188,0],"ix":2},"sa":{"a":0,"k":0},"o":{"a":0,"k":100,"ix":11},"r":{"a":0,"k":0,"ix":10}},"ef":[],"w":100,"h":150,"refId":"comp_0","ind":1,"parent":12},{"ty":4,"nm":"middle_line","mn":"","sr":1,"st":0,"op":200,"ip":0,"hd":false,"cl":"","ln":"","ddd":0,"bm":0,"hasMask":false,"ao":0,"ks":{"a":{"a":0,"k":[-1,5.5,0],"ix":1},"s":{"a":1,"k":[{"o":{"x":0.167,"y":0.167},"i":{"x":0.833,"y":0.833},"s":[100,100,100],"t":0},{"o":{"x":0.167,"y":0.167},"i":{"x":0.833,"y":0.833},"s":[112,112,100],"t":7},{"o":{"x":0.167,"y":0.167},"i":{"x":0.833,"y":0.833},"s":[100,100,100],"t":15}],"ix":6},"sk":{"a":0,"k":0},"p":{"a":1,"k":[{"o":{"x":0.167,"y":0.167},"i":{"x":0.833,"y":0.833},"s":[-1,5.5,0],"t":0},{"o":{"x":0.167,"y":0.167},"i":{"x":0.833,"y":0.833},"s":[-1,2.5,0],"t":7},{"o":{"x":0.167,"y":0.167},"i":{"x":0.833,"y":0.833},"s":[-1,5.5,0],"t":15}],"ix":2},"sa":{"a":0,"k":0},"o":{"a":0,"k":100,"ix":11},"r":{"a":0,"k":0,"ix":10}},"ef":[],"shapes":[{"ty":"gr","bm":0,"cl":"","ln":"","hd":false,"mn":"ADBE Vector Group","nm":"Group 1","ix":1,"cix":2,"np":2,"it":[{"ty":"sh","bm":0,"cl":"","ln":"","hd":false,"mn":"ADBE Vector Shape - Group","nm":"Path 1","ix":1,"d":1,"ks":{"a":0,"k":{"c":false,"i":[[0,0],[0,0]],"o":[[0,0],[0,0]],"v":[[-1,-28],[-1,39]]},"ix":2}},{"ty":"st","bm":0,"cl":"","ln":"","hd":false,"mn":"ADBE Vector Graphic - Stroke","nm":"Stroke 1","lc":1,"lj":1,"ml":10,"o":{"a":0,"k":100,"ix":4},"w":{"a":0,"k":1,"ix":5},"d":[],"c":{"a":0,"k":[0.9059,0.8667,0.9882],"ix":3}},{"ty":"tr","a":{"a":0,"k":[0,0],"ix":1},"s":{"a":0,"k":[100,100],"ix":3},"sk":{"a":0,"k":0,"ix":4},"p":{"a":0,"k":[0,0],"ix":2},"r":{"a":0,"k":0,"ix":6},"sa":{"a":0,"k":0,"ix":5},"o":{"a":0,"k":100,"ix":7}}]}],"ind":2,"parent":12},{"ty":0,"nm":"book_turn_pages","mn":"","sr":1,"st":44,"op":69,"ip":44,"hd":false,"cl":"","ln":"","ddd":0,"bm":0,"hasMask":false,"ao":0,"ks":{"a":{"a":0,"k":[200,200,0],"ix":1},"s":{"a":0,"k":[100,100,100],"ix":6},"sk":{"a":0,"k":0},"p":{"a":0,"k":[0,-0.188,0],"ix":2},"sa":{"a":0,"k":0},"o":{"a":0,"k":100,"ix":11},"r":{"a":0,"k":0,"ix":10}},"ef":[],"w":400,"h":400,"refId":"comp_1","ind":3,"parent":12},{"ty":0,"nm":"book_turn_pages","mn":"","sr":1,"st":29,"op":54,"ip":29,"hd":false,"cl":"","ln":"","ddd":0,"bm":0,"hasMask":false,"ao":0,"ks":{"a":{"a":0,"k":[200,200,0],"ix":1},"s":{"a":0,"k":[100,100,100],"ix":6},"sk":{"a":0,"k":0},"p":{"a":0,"k":[0,-0.188,0],"ix":2},"sa":{"a":0,"k":0},"o":{"a":0,"k":100,"ix":11},"r":{"a":0,"k":0,"ix":10}},"ef":[],"w":400,"h":400,"refId":"comp_1","ind":4,"parent":12},{"ty":4,"nm":"wpage_right","mn":"","sr":1,"st":0,"op":200,"ip":0,"hd":false,"cl":"","ln":"","ddd":0,"bm":0,"hasMask":false,"ao":0,"ks":{"a":{"a":0,"k":[22.709,1,0],"ix":1},"s":{"a":0,"k":[100,100,100],"ix":6},"sk":{"a":0,"k":0},"p":{"a":0,"k":[22.709,1,0],"ix":2},"sa":{"a":0,"k":0},"o":{"a":0,"k":100,"ix":11},"r":{"a":0,"k":0,"ix":10}},"ef":[],"shapes":[{"ty":"gr","bm":0,"cl":"","ln":"","hd":false,"mn":"ADBE Vector Group","nm":"Group 1","ix":1,"cix":2,"np":2,"it":[{"ty":"sh","bm":0,"cl":"","ln":"","hd":false,"mn":"ADBE Vector Shape - Group","nm":"Path 1","ix":1,"d":1,"ks":{"a":1,"k":[{"o":{"x":0.167,"y":0.167},"i":{"x":0.833,"y":0.833},"s":[{"c":true,"i":[[0,0],[-11.009,1.771],[-5.125,-0.821],[0,0],[10.714,-2.016],[4.135,-2.572]],"o":[[4.595,-2.678],[9.569,-1.539],[0,0],[-5.007,-0.941],[-10.249,1.928],[0,0]],"v":[[-0.5,39],[23.182,30.589],[45.917,30.589],[45.917,-35.857],[21.288,-35.857],[-0.5,-27.446]]}],"t":0},{"o":{"x":0.167,"y":0.167},"i":{"x":0.833,"y":0.833},"s":[{"c":true,"i":[[0,0],[-9.516,2.411],[-4.917,-1.256],[0,0],[10.714,-2.016],[4.135,-2.572]],"o":[[4.595,-2.678],[9.364,-2.373],[0,0],[-4.417,-2.81],[-10.249,1.928],[0,0]],"v":[[-0.5,39],[19.516,22.922],[29.751,23.422],[29.751,-41.357],[16.788,-44.523],[-0.5,-34.113]]}],"t":7},{"o":{"x":0.167,"y":0.167},"i":{"x":0.833,"y":0.833},"s":[{"c":true,"i":[[0,0],[-11.009,1.771],[-5.125,-0.821],[0,0],[10.714,-2.016],[4.135,-2.572]],"o":[[4.595,-2.678],[9.569,-1.539],[0,0],[-5.007,-0.941],[-10.249,1.928],[0,0]],"v":[[-0.5,39],[23.182,30.589],[45.917,30.589],[45.917,-35.857],[21.288,-35.857],[-0.5,-27.446]]}],"t":15}],"ix":2}},{"ty":"fl","bm":0,"cl":"","ln":"","hd":false,"mn":"ADBE Vector Graphic - Fill","nm":"Fill 1","c":{"a":0,"k":[1,1,1],"ix":4},"r":1,"o":{"a":0,"k":100,"ix":5}},{"ty":"tr","a":{"a":0,"k":[0,0],"ix":1},"s":{"a":0,"k":[100,100],"ix":3},"sk":{"a":0,"k":0,"ix":4},"p":{"a":0,"k":[0,0],"ix":2},"r":{"a":0,"k":0,"ix":6},"sa":{"a":0,"k":0,"ix":5},"o":{"a":0,"k":100,"ix":7}}]}],"ind":5,"parent":12},{"ty":4,"nm":"wpage_left","mn":"","sr":1,"st":0,"op":200,"ip":0,"hd":false,"cl":"","ln":"","ddd":0,"bm":0,"hasMask":false,"ao":0,"ks":{"a":{"a":0,"k":[-23.709,1,0],"ix":1},"s":{"a":0,"k":[100,100,100],"ix":6},"sk":{"a":0,"k":0},"p":{"a":0,"k":[-23.709,1,0],"ix":2},"sa":{"a":0,"k":0},"o":{"a":0,"k":100,"ix":11},"r":{"a":0,"k":0,"ix":10}},"ef":[],"shapes":[{"ty":"gr","bm":0,"cl":"","ln":"","hd":false,"mn":"ADBE Vector Group","nm":"Group 1","ix":1,"cix":2,"np":2,"it":[{"ty":"sh","bm":0,"cl":"","ln":"","hd":false,"mn":"ADBE Vector Shape - Group","nm":"Path 1","ix":1,"d":1,"ks":{"a":1,"k":[{"o":{"x":0.167,"y":0.167},"i":{"x":0.833,"y":0.833},"s":[{"c":true,"i":[[0,0],[11.009,1.771],[5.125,-0.821],[0,0],[-10.714,-2.016],[-4.135,-2.572]],"o":[[-4.595,-2.678],[-9.569,-1.539],[0,0],[5.007,-0.941],[10.249,1.928],[0,0]],"v":[[-0.5,39],[-24.182,30.589],[-46.917,30.589],[-46.917,-35.857],[-22.288,-35.857],[-0.5,-27.446]]}],"t":0},{"o":{"x":0.167,"y":0.167},"i":{"x":0.833,"y":0.833},"s":[{"c":true,"i":[[0,0],[9.182,4.744],[5.125,-0.821],[0,0],[-9.689,-4.999],[-4.135,-2.572]],"o":[[-4.595,-2.678],[-8.611,-4.449],[0,0],[5.007,-0.941],[8.121,4.19],[0,0]],"v":[[-0.5,39],[-16.849,24.089],[-29.084,19.922],[-29.584,-45.385],[-15.621,-44.552],[-0.5,-34.529]]}],"t":7},{"o":{"x":0.167,"y":0.167},"i":{"x":0.833,"y":0.833},"s":[{"c":true,"i":[[0,0],[11.009,1.771],[5.125,-0.821],[0,0],[-10.714,-2.016],[-4.135,-2.572]],"o":[[-4.595,-2.678],[-9.569,-1.539],[0,0],[5.007,-0.941],[10.249,1.928],[0,0]],"v":[[-0.5,39],[-24.182,30.589],[-46.917,30.589],[-46.917,-35.857],[-22.288,-35.857],[-0.5,-27.446]]}],"t":15}],"ix":2}},{"ty":"fl","bm":0,"cl":"","ln":"","hd":false,"mn":"ADBE Vector Graphic - Fill","nm":"Fill 1","c":{"a":0,"k":[1,1,1],"ix":4},"r":1,"o":{"a":0,"k":100,"ix":5}},{"ty":"tr","a":{"a":0,"k":[0,0],"ix":1},"s":{"a":0,"k":[100,100],"ix":3},"sk":{"a":0,"k":0,"ix":4},"p":{"a":0,"k":[0,0],"ix":2},"r":{"a":0,"k":0,"ix":6},"sa":{"a":0,"k":0,"ix":5},"o":{"a":0,"k":100,"ix":7}}]}],"ind":6,"parent":12},{"ty":4,"nm":"backpage_right","mn":"","sr":1,"st":0,"op":200,"ip":0,"hd":false,"cl":"","ln":"","ddd":0,"bm":0,"hasMask":false,"ao":0,"ks":{"a":{"a":0,"k":[22.709,1,0],"ix":1},"s":{"a":0,"k":[100,100,100],"ix":6},"sk":{"a":0,"k":0},"p":{"a":0,"k":[22.709,1,0],"ix":2},"sa":{"a":0,"k":0},"o":{"a":0,"k":100,"ix":11},"r":{"a":0,"k":0,"ix":10}},"ef":[],"shapes":[{"ty":"gr","bm":0,"cl":"","ln":"","hd":false,"mn":"ADBE Vector Group","nm":"Group 1","ix":1,"cix":2,"np":2,"it":[{"ty":"sh","bm":0,"cl":"","ln":"","hd":false,"mn":"ADBE Vector Shape - Group","nm":"Path 1","ix":1,"d":1,"ks":{"a":1,"k":[{"o":{"x":0.167,"y":0.167},"i":{"x":0.833,"y":0.833},"s":[{"c":true,"i":[[0,0],[-11.009,1.771],[-5.125,-0.821],[0,0],[10.714,-2.016],[4.135,-2.572]],"o":[[4.595,-2.678],[9.569,-1.539],[0,0],[-5.007,-0.941],[-10.249,1.928],[0,0]],"v":[[-0.5,39],[23.182,30.589],[45.917,30.589],[45.917,-35.857],[21.288,-35.857],[-0.5,-27.446]]}],"t":0},{"o":{"x":0.167,"y":0.167},"i":{"x":0.833,"y":0.833},"s":[{"c":true,"i":[[0,0],[-9.516,2.411],[-4.917,-1.256],[0,0],[10.714,-2.016],[4.135,-2.572]],"o":[[4.595,-2.678],[9.364,-2.373],[0,0],[-4.417,-2.81],[-10.249,1.928],[0,0]],"v":[[-0.5,39],[19.516,22.922],[29.751,23.422],[29.751,-41.357],[16.788,-44.523],[-0.5,-34.113]]}],"t":7},{"o":{"x":0.167,"y":0.167},"i":{"x":0.833,"y":0.833},"s":[{"c":true,"i":[[0,0],[-11.009,1.771],[-5.125,-0.821],[0,0],[10.714,-2.016],[4.135,-2.572]],"o":[[4.595,-2.678],[9.569,-1.539],[0,0],[-5.007,-0.941],[-10.249,1.928],[0,0]],"v":[[-0.5,39],[23.182,30.589],[45.917,30.589],[45.917,-35.857],[21.288,-35.857],[-0.5,-27.446]]}],"t":15}],"ix":2}},{"ty":"fl","bm":0,"cl":"","ln":"","hd":false,"mn":"ADBE Vector Graphic - Fill","nm":"Fill 1","c":{"a":0,"k":[0.8039,0.7412,0.9804],"ix":4},"r":1,"o":{"a":0,"k":100,"ix":5}},{"ty":"tr","a":{"a":0,"k":[0,0],"ix":1},"s":{"a":0,"k":[100,100],"ix":3},"sk":{"a":0,"k":0,"ix":4},"p":{"a":0,"k":[0,0],"ix":2},"r":{"a":0,"k":0,"ix":6},"sa":{"a":0,"k":0,"ix":5},"o":{"a":0,"k":100,"ix":7}}]}],"ind":7,"parent":12},{"ty":4,"nm":"backpages left","mn":"","sr":1,"st":0,"op":200,"ip":0,"hd":false,"cl":"","ln":"","ddd":0,"bm":0,"hasMask":false,"ao":0,"ks":{"a":{"a":0,"k":[-23.709,1,0],"ix":1},"s":{"a":0,"k":[100,100,100],"ix":6},"sk":{"a":0,"k":0},"p":{"a":0,"k":[-23.709,1,0],"ix":2},"sa":{"a":0,"k":0},"o":{"a":0,"k":100,"ix":11},"r":{"a":0,"k":0,"ix":10}},"ef":[],"shapes":[{"ty":"gr","bm":0,"cl":"","ln":"","hd":false,"mn":"ADBE Vector Group","nm":"Group 1","ix":1,"cix":2,"np":2,"it":[{"ty":"sh","bm":0,"cl":"","ln":"","hd":false,"mn":"ADBE Vector Shape - Group","nm":"Path 1","ix":1,"d":1,"ks":{"a":1,"k":[{"o":{"x":0.167,"y":0.167},"i":{"x":0.833,"y":0.833},"s":[{"c":true,"i":[[0,0],[11.009,1.771],[5.125,-0.821],[0,0],[-10.714,-2.016],[-4.135,-2.572]],"o":[[-4.595,-2.678],[-9.569,-1.539],[0,0],[5.007,-0.941],[10.249,1.928],[0,0]],"v":[[-0.5,39],[-24.182,30.589],[-46.917,30.589],[-46.917,-35.857],[-22.288,-35.857],[-0.5,-27.446]]}],"t":0},{"o":{"x":0.167,"y":0.167},"i":{"x":0.833,"y":0.833},"s":[{"c":true,"i":[[0,0],[9.182,4.744],[5.125,-0.821],[0,0],[-9.689,-4.999],[-4.135,-2.572]],"o":[[-4.595,-2.678],[-8.611,-4.449],[0,0],[5.007,-0.941],[8.121,4.19],[0,0]],"v":[[-0.5,39],[-16.849,24.089],[-29.084,19.922],[-29.584,-45.385],[-15.621,-44.552],[-0.5,-34.529]]}],"t":7},{"o":{"x":0.167,"y":0.167},"i":{"x":0.833,"y":0.833},"s":[{"c":true,"i":[[0,0],[11.009,1.771],[5.125,-0.821],[0,0],[-10.714,-2.016],[-4.135,-2.572]],"o":[[-4.595,-2.678],[-9.569,-1.539],[0,0],[5.007,-0.941],[10.249,1.928],[0,0]],"v":[[-0.5,39],[-24.182,30.589],[-46.917,30.589],[-46.917,-35.857],[-22.288,-35.857],[-0.5,-27.446]]}],"t":15}],"ix":2}},{"ty":"fl","bm":0,"cl":"","ln":"","hd":false,"mn":"ADBE Vector Graphic - Fill","nm":"Fill 1","c":{"a":0,"k":[0.8039,0.7412,0.9804],"ix":4},"r":1,"o":{"a":0,"k":100,"ix":5}},{"ty":"tr","a":{"a":0,"k":[0,0],"ix":1},"s":{"a":0,"k":[100,100],"ix":3},"sk":{"a":0,"k":0,"ix":4},"p":{"a":0,"k":[0,0],"ix":2},"r":{"a":0,"k":0,"ix":6},"sa":{"a":0,"k":0,"ix":5},"o":{"a":0,"k":100,"ix":7}}]}],"ind":8,"parent":12},{"ty":4,"nm":"side_right","mn":"","sr":1,"st":0,"op":200,"ip":0,"hd":false,"cl":"","ln":"","ddd":0,"bm":0,"hasMask":false,"ao":0,"ks":{"a":{"a":0,"k":[51.127,1.992,0],"ix":1},"s":{"a":0,"k":[100,100,100],"ix":6},"sk":{"a":0,"k":0},"p":{"a":1,"k":[{"o":{"x":0.167,"y":0.167},"i":{"x":0.833,"y":0.833},"s":[51.127,1.992,0],"t":0},{"o":{"x":0.167,"y":0.167},"i":{"x":0.833,"y":0.833},"s":[35.127,-5.008,0],"t":7},{"o":{"x":0.167,"y":0.167},"i":{"x":0.833,"y":0.833},"s":[51.127,1.992,0],"t":15}],"ix":2},"sa":{"a":0,"k":0},"o":{"a":0,"k":100,"ix":11},"r":{"a":0,"k":0,"ix":10}},"ef":[],"shapes":[{"ty":"gr","bm":0,"cl":"","ln":"","hd":false,"mn":"ADBE Vector Group","nm":"Group 1","ix":1,"cix":2,"np":2,"it":[{"ty":"sh","bm":0,"cl":"","ln":"","hd":false,"mn":"ADBE Vector Shape - Group","nm":"Path 1","ix":1,"d":1,"ks":{"a":0,"k":{"c":true,"i":[[0,0],[0,0],[0,0],[0,0]],"o":[[0,0],[0,0],[0,0],[0,0]],"v":[[45.917,-35.016],[56.337,-28.287],[56.337,39],[45.917,30.589]]},"ix":2}},{"ty":"fl","bm":0,"cl":"","ln":"","hd":false,"mn":"ADBE Vector Graphic - Fill","nm":"Fill 1","c":{"a":0,"k":[0.9059,0.8667,0.9882],"ix":4},"r":1,"o":{"a":0,"k":100,"ix":5}},{"ty":"tr","a":{"a":0,"k":[0,0],"ix":1},"s":{"a":0,"k":[100,100],"ix":3},"sk":{"a":0,"k":0,"ix":4},"p":{"a":0,"k":[0,0],"ix":2},"r":{"a":0,"k":0,"ix":6},"sa":{"a":0,"k":0,"ix":5},"o":{"a":0,"k":100,"ix":7}}]}],"ind":9,"parent":12},{"ty":4,"nm":"side_left","mn":"","sr":1,"st":0,"op":200,"ip":0,"hd":false,"cl":"","ln":"","ddd":0,"bm":0,"hasMask":false,"ao":0,"ks":{"a":{"a":0,"k":[-52.5,3,0],"ix":1},"s":{"a":0,"k":[100,100,100],"ix":6},"sk":{"a":0,"k":0},"p":{"a":1,"k":[{"o":{"x":0.167,"y":0.167},"i":{"x":0.833,"y":0.833},"s":[-52.5,3,0],"t":0},{"o":{"x":0.167,"y":0.167},"i":{"x":0.833,"y":0.833},"s":[-34.5,-7,0],"t":7},{"o":{"x":0.167,"y":0.167},"i":{"x":0.833,"y":0.833},"s":[-52.5,3,0],"t":15}],"ix":2},"sa":{"a":0,"k":0},"o":{"a":0,"k":100,"ix":11},"r":{"a":0,"k":0,"ix":10}},"ef":[],"shapes":[{"ty":"gr","bm":0,"cl":"","ln":"","hd":false,"mn":"ADBE Vector Group","nm":"Group 1","ix":1,"cix":2,"np":2,"it":[{"ty":"sh","bm":0,"cl":"","ln":"","hd":false,"mn":"ADBE Vector Shape - Group","nm":"Path 1","ix":1,"d":1,"ks":{"a":0,"k":{"c":true,"i":[[0,0],[0,0],[0,0],[0,0]],"o":[[0,0],[0,0],[0,0],[0,0]],"v":[[-58,-27],[-47,-35],[-47,31],[-58,41]]},"ix":2}},{"ty":"fl","bm":0,"cl":"","ln":"","hd":false,"mn":"ADBE Vector Graphic - Fill","nm":"Fill 1","c":{"a":0,"k":[0.9059,0.8667,0.9882],"ix":4},"r":1,"o":{"a":0,"k":100,"ix":5}},{"ty":"tr","a":{"a":0,"k":[0,0],"ix":1},"s":{"a":0,"k":[100,100],"ix":3},"sk":{"a":0,"k":0,"ix":4},"p":{"a":0,"k":[0,0],"ix":2},"r":{"a":0,"k":0,"ix":6},"sa":{"a":0,"k":0,"ix":5},"o":{"a":0,"k":100,"ix":7}}]}],"ind":10,"parent":12},{"ty":4,"nm":"backpage","mn":"","sr":1,"st":0,"op":200,"ip":0,"hd":false,"cl":"","ln":"","ddd":0,"bm":0,"hasMask":false,"ao":0,"ks":{"a":{"a":0,"k":[-0.5,6.836,0],"ix":1},"s":{"a":0,"k":[100,100,100],"ix":6},"sk":{"a":0,"k":0},"p":{"a":0,"k":[-0.5,6.836,0],"ix":2},"sa":{"a":0,"k":0},"o":{"a":0,"k":100,"ix":11},"r":{"a":0,"k":0,"ix":10}},"ef":[],"shapes":[{"ty":"gr","bm":0,"cl":"","ln":"","hd":false,"mn":"ADBE Vector Group","nm":"Group 1","ix":1,"cix":2,"np":2,"it":[{"ty":"sh","bm":0,"cl":"","ln":"","hd":false,"mn":"ADBE Vector Shape - Group","nm":"Path 1","ix":1,"d":1,"ks":{"a":1,"k":[{"o":{"x":0.167,"y":0.167},"i":{"x":0.833,"y":0.833},"s":[{"c":true,"i":[[0,0],[11.113,-0.042],[13.996,0.314],[13.816,0.031],[5.878,-1.395],[0,0],[0,0]],"o":[[-5.653,-0.909],[-15.423,0.058],[-14.788,-0.332],[-10.941,-0.024],[0,0],[0,0],[0,0]],"v":[[56.761,41],[31,39],[-1,41],[-32,38],[-57.761,41],[-57.761,-27.358],[56.761,-27.358]]}],"t":0},{"o":{"x":0.167,"y":0.167},"i":{"x":0.833,"y":0.833},"s":[{"c":true,"i":[[0,0],[9.333,-5.833],[5.834,0.417],[14.667,5.333],[5.878,-1.395],[0,0],[0,0]],"o":[[-5.653,-0.909],[-13.079,8.174],[-7.399,-0.528],[-10.282,-3.739],[0,0],[0,0],[0,0]],"v":[[39.095,29.667],[20.5,33],[-1,43.333],[-21.833,32.833],[-40.261,29.5],[-41.095,-36.358],[39.261,-35.025]]}],"t":7},{"o":{"x":0.167,"y":0.167},"i":{"x":0.833,"y":0.833},"s":[{"c":true,"i":[[0,0],[11.113,-0.042],[13.996,0.314],[13.816,0.031],[5.878,-1.395],[0,0],[0,0]],"o":[[-5.653,-0.909],[-15.423,0.058],[-14.788,-0.332],[-10.941,-0.024],[0,0],[0,0],[0,0]],"v":[[56.761,41],[31,39],[-1,41],[-32,38],[-57.761,41],[-57.761,-27.358],[56.761,-27.358]]}],"t":15}],"ix":2}},{"ty":"fl","bm":0,"cl":"","ln":"","hd":false,"mn":"ADBE Vector Graphic - Fill","nm":"Fill 1","c":{"a":0,"k":[0.8039,0.7412,0.9804],"ix":4},"r":1,"o":{"a":0,"k":100,"ix":5}},{"ty":"tr","a":{"a":0,"k":[0,0],"ix":1},"s":{"a":0,"k":[100,100],"ix":3},"sk":{"a":0,"k":0,"ix":4},"p":{"a":0,"k":[0,0],"ix":2},"r":{"a":0,"k":0,"ix":6},"sa":{"a":0,"k":0,"ix":5},"o":{"a":0,"k":100,"ix":7}}]}],"ind":11,"parent":12},{"ty":4,"nm":"cover","mn":"","sr":1,"st":0,"op":200,"ip":0,"hd":false,"cl":"","ln":"","ddd":0,"bm":0,"hasMask":false,"ao":0,"ks":{"a":{"a":0,"k":[0,45,0],"ix":1},"s":{"a":1,"k":[{"o":{"x":0.167,"y":0.167},"i":{"x":0.833,"y":0.833},"s":[100,100,100],"t":26},{"o":{"x":0.167,"y":0.167},"i":{"x":0.833,"y":0.833},"s":[95,105,100],"t":31},{"o":{"x":0.167,"y":0.167},"i":{"x":0.833,"y":0.833},"s":[100,100,100],"t":38},{"o":{"x":0.167,"y":0.167},"i":{"x":0.833,"y":0.833},"s":[105,95,100],"t":43},{"o":{"x":0.167,"y":0.167},"i":{"x":0.833,"y":0.833},"s":[97,103,100],"t":50},{"o":{"x":0.167,"y":0.167},"i":{"x":0.833,"y":0.833},"s":[102,98,100],"t":55},{"o":{"x":0.167,"y":0.167},"i":{"x":0.833,"y":0.833},"s":[100,100,100],"t":60}],"ix":6},"sk":{"a":0,"k":0},"p":{"a":1,"k":[{"o":{"x":0.167,"y":0.167},"i":{"x":0.833,"y":0.833},"s":[200,238.978,0],"t":20},{"o":{"x":0.167,"y":0.167},"i":{"x":0.833,"y":0.833},"s":[200,237,0],"t":24},{"o":{"x":0.167,"y":0.167},"i":{"x":0.588,"y":1},"s":[200,244,0],"t":30},{"o":{"x":0.353,"y":0},"i":{"x":0.725,"y":1},"s":[200,237,0],"t":38},{"o":{"x":0.167,"y":0},"i":{"x":0.725,"y":1},"s":[200,240,0],"t":43},{"o":{"x":0.167,"y":0.167},"i":{"x":0.833,"y":0.833},"s":[200,239,0],"t":50}],"ix":2},"sa":{"a":0,"k":0},"o":{"a":0,"k":100,"ix":11},"r":{"a":0,"k":0,"ix":10}},"ef":[],"shapes":[{"ty":"gr","bm":0,"cl":"","ln":"","hd":false,"mn":"ADBE Vector Group","nm":"Group 1","ix":1,"cix":2,"np":2,"it":[{"ty":"sh","bm":0,"cl":"","ln":"","hd":false,"mn":"ADBE Vector Shape - Group","nm":"Path 1","ix":1,"d":1,"ks":{"a":1,"k":[{"o":{"x":0.167,"y":0.167},"i":{"x":0.833,"y":0.833},"s":[{"c":false,"i":[[0,0],[0,0],[11.95,-0.108],[15.058,0.12],[14.191,0.159],[5.988,-1.245],[0,23.224]],"o":[[0,0],[-5.918,-1.219],[-15.082,0.137],[-14.195,-0.113],[-11.896,-0.133],[0,-23.224],[0,0]],"v":[[59,-26],[59.5,43.673],[32,41],[-1.252,43.672],[-32,41],[-59.5,43.673],[-59.5,-26]]}],"t":0},{"o":{"x":0.167,"y":0.167},"i":{"x":0.833,"y":0.833},"s":[{"c":false,"i":[[0,0],[0,0],[11.621,-4.358],[15.058,0.12],[13.105,5.446],[5.988,-1.245],[0,23.224]],"o":[[0,0],[-5.918,-1.219],[-13.333,5],[-14.195,-0.113],[-12.833,-5.333],[0,-23.224],[0,0]],"v":[[40,-32],[39.667,30.673],[19.833,34.167],[-1.252,43.672],[-20.167,34.667],[-40.333,30.673],[-40.167,-32.667]]}],"t":7},{"o":{"x":0.167,"y":0.167},"i":{"x":0.833,"y":0.833},"s":[{"c":false,"i":[[0,0],[0,0],[11.95,-0.108],[15.058,0.12],[14.191,0.159],[5.988,-1.245],[0,23.224]],"o":[[0,0],[-5.918,-1.219],[-15.082,0.137],[-14.195,-0.113],[-11.896,-0.133],[0,-23.224],[0,0]],"v":[[59,-26],[59.5,43.673],[32,41],[-1.252,43.672],[-32,41],[-59.5,43.673],[-59.5,-26]]}],"t":15}],"ix":2}},{"ty":"st","bm":0,"cl":"","ln":"","hd":false,"mn":"ADBE Vector Graphic - Stroke","nm":"Stroke 1","lc":2,"lj":2,"ml":1,"o":{"a":0,"k":100,"ix":4},"w":{"a":0,"k":8,"ix":5},"d":[],"c":{"a":0,"k":[0.6039,0.4784,0.9686],"ix":3}},{"ty":"tr","a":{"a":0,"k":[0,0],"ix":1},"s":{"a":0,"k":[100,100],"ix":3},"sk":{"a":0,"k":0,"ix":4},"p":{"a":0,"k":[0,0],"ix":2},"r":{"a":0,"k":0,"ix":6},"sa":{"a":0,"k":0,"ix":5},"o":{"a":0,"k":100,"ix":7}}]}],"ind":12},{"ty":4,"nm":"rim","mn":"","sr":1,"st":0,"op":200,"ip":0,"hd":false,"cl":"","ln":"","ddd":0,"bm":0,"hasMask":false,"ao":0,"ks":{"a":{"a":0,"k":[-1,40.5,0],"ix":1},"s":{"a":0,"k":[100,100,100],"ix":6},"sk":{"a":0,"k":0},"p":{"a":0,"k":[-1,40.5,0],"ix":2},"sa":{"a":0,"k":0},"o":{"a":0,"k":100,"ix":11},"r":{"a":0,"k":0,"ix":10}},"ef":[],"shapes":[{"ty":"gr","bm":0,"cl":"","ln":"","hd":false,"mn":"ADBE Vector Group","nm":"Group 1","ix":1,"cix":2,"np":2,"it":[{"ty":"sh","bm":0,"cl":"","ln":"","hd":false,"mn":"ADBE Vector Shape - Group","nm":"Path 1","ix":1,"d":1,"ks":{"a":0,"k":{"c":true,"i":[[4.694,0],[0,0],[0,4.694],[0,0],[-4.694,0],[0,0],[0,-4.694],[0,0]],"o":[[0,0],[-4.694,0],[0,0],[0,-4.694],[0,0],[4.694,0],[0,0],[0,4.694]],"v":[[2.889,49],[-4.889,49],[-13.389,40.5],[-13.389,40.5],[-4.889,32],[2.889,32],[11.389,40.5],[11.389,40.5]]},"ix":2}},{"ty":"fl","bm":0,"cl":"","ln":"","hd":false,"mn":"ADBE Vector Graphic - Fill","nm":"Fill 1","c":{"a":0,"k":[0.6039,0.4784,0.9686],"ix":4},"r":1,"o":{"a":0,"k":100,"ix":5}},{"ty":"tr","a":{"a":0,"k":[0,0],"ix":1},"s":{"a":0,"k":[100,100],"ix":3},"sk":{"a":0,"k":0,"ix":4},"p":{"a":0,"k":[0,0],"ix":2},"r":{"a":0,"k":0,"ix":6},"sa":{"a":0,"k":0,"ix":5},"o":{"a":0,"k":100,"ix":7}}]}],"ind":13,"parent":12},{"ty":4,"nm":"icon_circle","mn":"","sr":1,"st":0,"op":200,"ip":0,"hd":false,"cl":"","ln":"","ddd":0,"bm":0,"hasMask":false,"ao":0,"ks":{"a":{"a":0,"k":[0.05,0.05,0],"ix":1},"s":{"a":0,"k":[100,100,100],"ix":6},"sk":{"a":0,"k":0},"p":{"a":0,"k":[200.05,200.05,0],"ix":2},"sa":{"a":0,"k":0},"o":{"a":0,"k":100,"ix":11},"r":{"a":0,"k":0,"ix":10}},"ef":[],"shapes":[{"ty":"gr","bm":0,"cl":"","ln":"","hd":false,"mn":"ADBE Vector Group","nm":"Group 1","ix":1,"cix":2,"np":2,"it":[{"ty":"sh","bm":0,"cl":"","ln":"","hd":false,"mn":"ADBE Vector Shape - Group","nm":"Path 1","ix":1,"d":1,"ks":{"a":0,"k":{"c":true,"i":[[-46.281,0],[0,-46.281],[46.281,0],[0,46.281]],"o":[[46.281,0],[0,46.281],[-46.281,0],[0,-46.281]],"v":[[0.05,-83.75],[83.85,0.05],[0.05,83.85],[-83.75,0.05]]},"ix":2}},{"ty":"fl","bm":0,"cl":"","ln":"","hd":false,"mn":"ADBE Vector Graphic - Fill","nm":"Fill 1","c":{"a":0,"k":[0.9569,0.9294,0.9961],"ix":4},"r":1,"o":{"a":0,"k":100,"ix":5}},{"ty":"tr","a":{"a":0,"k":[0,0],"ix":1},"s":{"a":0,"k":[100,100],"ix":3},"sk":{"a":0,"k":0,"ix":4},"p":{"a":0,"k":[0,0],"ix":2},"r":{"a":0,"k":0,"ix":6},"sa":{"a":0,"k":0,"ix":5},"o":{"a":0,"k":100,"ix":7}}]}],"ind":14}],"ddd":0,"h":400,"w":400,"meta":{"a":"","k":"","d":"","g":"@lottiefiles/toolkit-js 0.21.3","tc":"#000000"},"v":"5.1.19","fr":25,"op":81,"ip":15,"assets":[{"nm":"","mn":"","layers":[{"ty":4,"nm":"p5","mn":"","sr":1,"st":0,"op":61,"ip":0,"hd":false,"cl":"","ln":"","ddd":0,"bm":0,"hasMask":false,"ao":0,"ks":{"a":{"a":0,"k":[117.331,-11.219,0],"ix":1},"s":{"a":0,"k":[100,100,100],"ix":6},"sk":{"a":0,"k":0},"p":{"a":1,"k":[{"o":{"x":0.167,"y":0.167},"i":{"x":0.833,"y":0.833},"s":[55.331,113.781,0],"t":48},{"o":{"x":0.167,"y":0.167},"i":{"x":0.833,"y":0.833},"s":[67.331,27.781,0],"t":89}],"ix":2},"sa":{"a":0,"k":0},"o":{"a":1,"k":[{"o":{"x":0.167,"y":0.167},"i":{"x":0.833,"y":0.833},"s":[0],"t":47},{"o":{"x":0.167,"y":0.167},"i":{"x":0.833,"y":0.833},"s":[100],"t":55},{"o":{"x":0.167,"y":0.167},"i":{"x":0.833,"y":0.833},"s":[0],"t":61},{"o":{"x":0.167,"y":0.167},"i":{"x":0.833,"y":0.833},"s":[100],"t":85},{"o":{"x":0.167,"y":0.167},"i":{"x":0.833,"y":0.833},"s":[0],"t":95}],"ix":11},"r":{"a":0,"k":0,"ix":10}},"ef":[],"shapes":[{"ty":"gr","bm":0,"cl":"","ln":"","hd":false,"mn":"ADBE Vector Group","nm":"Group 1","ix":1,"cix":2,"np":2,"it":[{"ty":"sh","bm":0,"cl":"","ln":"","hd":false,"mn":"ADBE Vector Shape - Group","nm":"Path 1","ix":1,"d":1,"ks":{"a":0,"k":{"c":true,"i":[[0,0],[0,0],[0,0],[0,0]],"o":[[0,0],[0,0],[0,0],[0,0]],"v":[[117.105,-5.126],[111.238,-11.445],[117.557,-17.312],[123.424,-10.994]]},"ix":2}},{"ty":"fl","bm":0,"cl":"","ln":"","hd":false,"mn":"ADBE Vector Graphic - Fill","nm":"Fill 1","c":{"a":0,"k":[0.9882,0.9294,0.9294],"ix":4},"r":1,"o":{"a":0,"k":100,"ix":5}},{"ty":"tr","a":{"a":0,"k":[0,0],"ix":1},"s":{"a":0,"k":[100,100],"ix":3},"sk":{"a":0,"k":0,"ix":4},"p":{"a":0,"k":[0,0],"ix":2},"r":{"a":0,"k":0,"ix":6},"sa":{"a":0,"k":0,"ix":5},"o":{"a":0,"k":100,"ix":7}}]}],"ind":1},{"ty":4,"nm":"p4","mn":"","sr":1,"st":0,"op":61,"ip":0,"hd":false,"cl":"","ln":"","ddd":0,"bm":0,"hasMask":false,"ao":0,"ks":{"a":{"a":0,"k":[89.835,-33.395,0],"ix":1},"s":{"a":0,"k":[100,100,100],"ix":6},"sk":{"a":0,"k":0},"p":{"a":1,"k":[{"o":{"x":0.167,"y":0.167},"i":{"x":0.833,"y":0.833},"s":[51.835,114.605,0],"t":33},{"o":{"x":0.167,"y":0.167},"i":{"x":0.833,"y":0.833},"s":[39.835,28.605,0],"t":89}],"ix":2},"sa":{"a":0,"k":0},"o":{"a":1,"k":[{"o":{"x":0.167,"y":0.167},"i":{"x":0.833,"y":0.833},"s":[0],"t":33},{"o":{"x":0.167,"y":0.167},"i":{"x":0.833,"y":0.833},"s":[100],"t":43},{"o":{"x":0.167,"y":0.167},"i":{"x":0.833,"y":0.833},"s":[100],"t":47},{"o":{"x":0.167,"y":0.167},"i":{"x":0.833,"y":0.833},"s":[0],"t":55}],"ix":11},"r":{"a":0,"k":0,"ix":10}},"ef":[],"shapes":[{"ty":"gr","bm":0,"cl":"","ln":"","hd":false,"mn":"ADBE Vector Group","nm":"Group 1","ix":1,"cix":2,"np":2,"it":[{"ty":"sh","bm":0,"cl":"","ln":"","hd":false,"mn":"ADBE Vector Shape - Group","nm":"Path 1","ix":1,"d":1,"ks":{"a":0,"k":{"c":true,"i":[[0,0],[0,0],[0,0],[0,0]],"o":[[0,0],[0,0],[0,0],[0,0]],"v":[[89.609,-27.302],[83.742,-33.62],[90.061,-39.488],[95.928,-33.169]]},"ix":2}},{"ty":"fl","bm":0,"cl":"","ln":"","hd":false,"mn":"ADBE Vector Graphic - Fill","nm":"Fill 1","c":{"a":0,"k":[0.7961,0.9922,0.8745],"ix":4},"r":1,"o":{"a":0,"k":100,"ix":5}},{"ty":"tr","a":{"a":0,"k":[0,0],"ix":1},"s":{"a":0,"k":[100,100],"ix":3},"sk":{"a":0,"k":0,"ix":4},"p":{"a":0,"k":[0,0],"ix":2},"r":{"a":0,"k":0,"ix":6},"sa":{"a":0,"k":0,"ix":5},"o":{"a":0,"k":100,"ix":7}}]}],"ind":2},{"ty":4,"nm":"p3","mn":"","sr":1,"st":0,"op":61,"ip":0,"hd":false,"cl":"","ln":"","ddd":0,"bm":0,"hasMask":false,"ao":0,"ks":{"a":{"a":0,"k":[83.151,-70.785,0],"ix":1},"s":{"a":0,"k":[100,100,100],"ix":6},"sk":{"a":0,"k":0},"p":{"a":1,"k":[{"o":{"x":0.167,"y":0.167},"i":{"x":0.833,"y":0.833},"s":[53.151,116.215,0],"t":22},{"o":{"x":0.167,"y":0.167},"i":{"x":0.833,"y":0.833},"s":[33.151,27.215,0],"t":59}],"ix":2},"sa":{"a":0,"k":0},"o":{"a":1,"k":[{"o":{"x":0.167,"y":0.167},"i":{"x":0.833,"y":0.833},"s":[0],"t":22},{"o":{"x":0.167,"y":0.167},"i":{"x":0.833,"y":0.833},"s":[100],"t":34},{"o":{"x":0.167,"y":0.167},"i":{"x":0.833,"y":0.833},"s":[100],"t":47},{"o":{"x":0.167,"y":0.167},"i":{"x":0.833,"y":0.833},"s":[0],"t":55}],"ix":11},"r":{"a":0,"k":0,"ix":10}},"ef":[],"shapes":[],"ind":3},{"ty":4,"nm":"p8","mn":"","sr":1,"st":22,"op":61,"ip":22,"hd":false,"cl":"","ln":"","ddd":0,"bm":0,"hasMask":false,"ao":0,"ks":{"a":{"a":0,"k":[119.152,-60.401,0],"ix":1},"s":{"a":0,"k":[100,100,100],"ix":6},"sk":{"a":0,"k":0},"p":{"a":1,"k":[{"o":{"x":0.167,"y":0.167},"i":{"x":0.833,"y":0.833},"s":[50.152,113.599,0],"t":22},{"o":{"x":0.167,"y":0.167},"i":{"x":0.833,"y":0.833},"s":[83.152,39.599,0],"t":61}],"ix":2},"sa":{"a":0,"k":0},"o":{"a":1,"k":[{"o":{"x":0.167,"y":0.167},"i":{"x":0.833,"y":0.833},"s":[0],"t":25},{"o":{"x":0.167,"y":0.167},"i":{"x":0.833,"y":0.833},"s":[100],"t":37},{"o":{"x":0.167,"y":0.167},"i":{"x":0.833,"y":0.833},"s":[100],"t":51},{"o":{"x":0.167,"y":0.167},"i":{"x":0.833,"y":0.833},"s":[0],"t":61}],"ix":11},"r":{"a":1,"k":[{"o":{"x":0.167,"y":0.167},"i":{"x":0.833,"y":0.833},"s":[0],"t":22},{"o":{"x":0.167,"y":0.167},"i":{"x":0.833,"y":0.833},"s":[360],"t":87}],"ix":10}},"ef":[],"shapes":[{"ty":"gr","bm":0,"cl":"","ln":"","hd":false,"mn":"ADBE Vector Group","nm":"star","ix":3,"cix":2,"np":2,"it":[{"ty":"sh","bm":0,"cl":"","ln":"","hd":false,"mn":"ADBE Vector Shape - Group","nm":"Path 1","ix":1,"d":1,"ks":{"a":0,"k":{"c":true,"i":[[-0.499,-1.011],[0,0],[-0.443,-0.064],[0,0],[0.808,-0.787],[0,0],[-0.076,-0.441],[0,0],[0.998,0.525],[0,0],[0.396,-0.208],[0,0],[-0.191,1.112],[0,0],[0.321,0.313],[0,0],[-1.116,0.162],[0,0],[-0.198,0.402],[0,0]],"o":[[0,0],[0.198,0.402],[0,0],[1.116,0.162],[0,0],[-0.321,0.313],[0,0],[0.191,1.112],[0,0],[-0.396,-0.208],[0,0],[-0.998,0.525],[0,0],[0.076,-0.441],[0,0],[-0.808,-0.787],[0,0],[0.443,-0.064],[0,0],[0.499,-1.011]],"v":[[-25.78,-44.843],[-22.717,-38.636],[-21.692,-37.892],[-14.842,-36.896],[-14.088,-34.575],[-19.045,-29.744],[-19.436,-28.539],[-18.266,-21.718],[-20.24,-20.283],[-26.367,-23.504],[-27.633,-23.504],[-33.76,-20.283],[-35.734,-21.718],[-34.564,-28.539],[-34.955,-29.744],[-39.912,-34.575],[-39.158,-36.896],[-32.308,-37.892],[-31.283,-38.636],[-28.22,-44.843]]},"ix":2}},{"ty":"fl","bm":0,"cl":"","ln":"","hd":false,"mn":"ADBE Vector Graphic - Fill","nm":"Fill 1","c":{"a":0,"k":[0.9882,0.9373,0.8706],"ix":4},"r":1,"o":{"a":0,"k":100,"ix":5}},{"ty":"tr","a":{"a":0,"k":[0.002,-48.534],"ix":1},"s":{"a":0,"k":[100,100],"ix":3},"sk":{"a":0,"k":0,"ix":4},"p":{"a":0,"k":[145.5,-76.5],"ix":2},"r":{"a":0,"k":0,"ix":6},"sa":{"a":0,"k":0,"ix":5},"o":{"a":0,"k":100,"ix":7}}]}],"ind":4},{"ty":4,"nm":"p6","mn":"","sr":1,"st":22,"op":61,"ip":22,"hd":false,"cl":"","ln":"","ddd":0,"bm":0,"hasMask":false,"ao":0,"ks":{"a":{"a":0,"k":[119.152,-60.401,0],"ix":1},"s":{"a":0,"k":[100,100,100],"ix":6},"sk":{"a":0,"k":0},"p":{"a":1,"k":[{"o":{"x":0.167,"y":0.167},"i":{"x":0.833,"y":0.833},"s":[50.152,113.599,0],"t":22},{"o":{"x":0.167,"y":0.167},"i":{"x":0.833,"y":0.833},"s":[27.152,26.599,0],"t":61}],"ix":2},"sa":{"a":0,"k":0},"o":{"a":1,"k":[{"o":{"x":0.167,"y":0.167},"i":{"x":0.833,"y":0.833},"s":[0],"t":25},{"o":{"x":0.167,"y":0.167},"i":{"x":0.833,"y":0.833},"s":[100],"t":37},{"o":{"x":0.167,"y":0.167},"i":{"x":0.833,"y":0.833},"s":[100],"t":51},{"o":{"x":0.167,"y":0.167},"i":{"x":0.833,"y":0.833},"s":[0],"t":61}],"ix":11},"r":{"a":1,"k":[{"o":{"x":0.167,"y":0.167},"i":{"x":0.833,"y":0.833},"s":[0],"t":22},{"o":{"x":0.167,"y":0.167},"i":{"x":0.833,"y":0.833},"s":[360],"t":87}],"ix":10}},"ef":[],"shapes":[{"ty":"gr","bm":0,"cl":"","ln":"","hd":false,"mn":"ADBE Vector Group","nm":"star","ix":3,"cix":2,"np":2,"it":[{"ty":"sh","bm":0,"cl":"","ln":"","hd":false,"mn":"ADBE Vector Shape - Group","nm":"Path 1","ix":1,"d":1,"ks":{"a":0,"k":{"c":true,"i":[[-0.499,-1.011],[0,0],[-0.443,-0.064],[0,0],[0.808,-0.787],[0,0],[-0.076,-0.441],[0,0],[0.998,0.525],[0,0],[0.396,-0.208],[0,0],[-0.191,1.112],[0,0],[0.321,0.313],[0,0],[-1.116,0.162],[0,0],[-0.198,0.402],[0,0]],"o":[[0,0],[0.198,0.402],[0,0],[1.116,0.162],[0,0],[-0.321,0.313],[0,0],[0.191,1.112],[0,0],[-0.396,-0.208],[0,0],[-0.998,0.525],[0,0],[0.076,-0.441],[0,0],[-0.808,-0.787],[0,0],[0.443,-0.064],[0,0],[0.499,-1.011]],"v":[[-25.78,-44.843],[-22.717,-38.636],[-21.692,-37.892],[-14.842,-36.896],[-14.088,-34.575],[-19.045,-29.744],[-19.436,-28.539],[-18.266,-21.718],[-20.24,-20.283],[-26.367,-23.504],[-27.633,-23.504],[-33.76,-20.283],[-35.734,-21.718],[-34.564,-28.539],[-34.955,-29.744],[-39.912,-34.575],[-39.158,-36.896],[-32.308,-37.892],[-31.283,-38.636],[-28.22,-44.843]]},"ix":2}},{"ty":"fl","bm":0,"cl":"","ln":"","hd":false,"mn":"ADBE Vector Graphic - Fill","nm":"Fill 1","c":{"a":0,"k":[0.9882,0.9373,0.8706],"ix":4},"r":1,"o":{"a":0,"k":100,"ix":5}},{"ty":"tr","a":{"a":0,"k":[0.002,-48.534],"ix":1},"s":{"a":0,"k":[100,100],"ix":3},"sk":{"a":0,"k":0,"ix":4},"p":{"a":0,"k":[145.5,-76.5],"ix":2},"r":{"a":0,"k":0,"ix":6},"sa":{"a":0,"k":0,"ix":5},"o":{"a":0,"k":100,"ix":7}}]}],"ind":5},{"ty":4,"nm":"p7","mn":"","sr":1,"st":32,"op":61,"ip":32,"hd":false,"cl":"","ln":"","ddd":0,"bm":0,"hasMask":false,"ao":0,"ks":{"a":{"a":0,"k":[119.152,-60.401,0],"ix":1},"s":{"a":0,"k":[100,100,100],"ix":6},"sk":{"a":0,"k":0},"p":{"a":1,"k":[{"o":{"x":0.167,"y":0.167},"i":{"x":0.833,"y":0.833},"s":[50.152,113.599,0],"t":32},{"o":{"x":0.167,"y":0.167},"i":{"x":0.833,"y":0.833},"s":[69.152,26.599,0],"t":73}],"ix":2},"sa":{"a":0,"k":0},"o":{"a":1,"k":[{"o":{"x":0.167,"y":0.167},"i":{"x":0.833,"y":0.833},"s":[0],"t":35},{"o":{"x":0.167,"y":0.167},"i":{"x":0.833,"y":0.833},"s":[100],"t":45},{"o":{"x":0.167,"y":0.167},"i":{"x":0.833,"y":0.833},"s":[100],"t":56},{"o":{"x":0.167,"y":0.167},"i":{"x":0.833,"y":0.833},"s":[10],"t":61},{"o":{"x":0.167,"y":0.167},"i":{"x":0.833,"y":0.833},"s":[0],"t":73}],"ix":11},"r":{"a":1,"k":[{"o":{"x":0.167,"y":0.167},"i":{"x":0.833,"y":0.833},"s":[0],"t":32},{"o":{"x":0.167,"y":0.167},"i":{"x":0.833,"y":0.833},"s":[360],"t":97}],"ix":10}},"ef":[],"shapes":[{"ty":"gr","bm":0,"cl":"","ln":"","hd":false,"mn":"ADBE Vector Group","nm":"star","ix":3,"cix":2,"np":2,"it":[{"ty":"sh","bm":0,"cl":"","ln":"","hd":false,"mn":"ADBE Vector Shape - Group","nm":"Path 1","ix":1,"d":1,"ks":{"a":0,"k":{"c":true,"i":[[-0.499,-1.011],[0,0],[-0.443,-0.064],[0,0],[0.808,-0.787],[0,0],[-0.076,-0.441],[0,0],[0.998,0.525],[0,0],[0.396,-0.208],[0,0],[-0.191,1.112],[0,0],[0.321,0.313],[0,0],[-1.116,0.162],[0,0],[-0.198,0.402],[0,0]],"o":[[0,0],[0.198,0.402],[0,0],[1.116,0.162],[0,0],[-0.321,0.313],[0,0],[0.191,1.112],[0,0],[-0.396,-0.208],[0,0],[-0.998,0.525],[0,0],[0.076,-0.441],[0,0],[-0.808,-0.787],[0,0],[0.443,-0.064],[0,0],[0.499,-1.011]],"v":[[-25.78,-44.843],[-22.717,-38.636],[-21.692,-37.892],[-14.842,-36.896],[-14.088,-34.575],[-19.045,-29.744],[-19.436,-28.539],[-18.266,-21.718],[-20.24,-20.283],[-26.367,-23.504],[-27.633,-23.504],[-33.76,-20.283],[-35.734,-21.718],[-34.564,-28.539],[-34.955,-29.744],[-39.912,-34.575],[-39.158,-36.896],[-32.308,-37.892],[-31.283,-38.636],[-28.22,-44.843]]},"ix":2}},{"ty":"fl","bm":0,"cl":"","ln":"","hd":false,"mn":"ADBE Vector Graphic - Fill","nm":"Fill 1","c":{"a":0,"k":[0.9882,0.9373,0.8706],"ix":4},"r":1,"o":{"a":0,"k":100,"ix":5}},{"ty":"tr","a":{"a":0,"k":[0.002,-48.534],"ix":1},"s":{"a":0,"k":[100,100],"ix":3},"sk":{"a":0,"k":0,"ix":4},"p":{"a":0,"k":[145.5,-76.5],"ix":2},"r":{"a":0,"k":0,"ix":6},"sa":{"a":0,"k":0,"ix":5},"o":{"a":0,"k":100,"ix":7}}]}],"ind":6},{"ty":4,"nm":"p2","mn":"","sr":1,"st":0,"op":61,"ip":0,"hd":false,"cl":"","ln":"","ddd":0,"bm":0,"hasMask":false,"ao":0,"ks":{"a":{"a":0,"k":[117.173,-96.212,0],"ix":1},"s":{"a":0,"k":[100,100,100],"ix":6},"sk":{"a":0,"k":0},"p":{"a":1,"k":[{"o":{"x":0.167,"y":0.167},"i":{"x":0.833,"y":0.833},"s":[52.173,113.788,0],"t":11},{"o":{"x":0.167,"y":0.167},"i":{"x":0.833,"y":0.833},"s":[67.173,28.788,0],"t":50}],"ix":2},"sa":{"a":0,"k":0},"o":{"a":1,"k":[{"o":{"x":0.167,"y":0.167},"i":{"x":0.833,"y":0.833},"s":[0],"t":11},{"o":{"x":0.167,"y":0.167},"i":{"x":0.833,"y":0.833},"s":[100],"t":23},{"o":{"x":0.167,"y":0.167},"i":{"x":0.833,"y":0.833},"s":[100],"t":40},{"o":{"x":0.167,"y":0.167},"i":{"x":0.833,"y":0.833},"s":[0],"t":50}],"ix":11},"r":{"a":0,"k":0,"ix":10}},"ef":[],"shapes":[{"ty":"gr","bm":0,"cl":"","ln":"","hd":false,"mn":"ADBE Vector Group","nm":"Group 1","ix":1,"cix":2,"np":2,"it":[{"ty":"sh","bm":0,"cl":"","ln":"","hd":false,"mn":"ADBE Vector Shape - Group","nm":"Path 1","ix":1,"d":1,"ks":{"a":0,"k":{"c":true,"i":[[0,0],[0,0],[0,0],[0,0]],"o":[[0,0],[0,0],[0,0],[0,0]],"v":[[116.722,-84.026],[104.987,-96.663],[117.624,-108.398],[129.359,-95.761]]},"ix":2}},{"ty":"fl","bm":0,"cl":"","ln":"","hd":false,"mn":"ADBE Vector Graphic - Fill","nm":"Fill 1","c":{"a":0,"k":[0.7961,0.9922,0.8745],"ix":4},"r":1,"o":{"a":0,"k":100,"ix":5}},{"ty":"tr","a":{"a":0,"k":[0,0],"ix":1},"s":{"a":0,"k":[100,100],"ix":3},"sk":{"a":0,"k":0,"ix":4},"p":{"a":0,"k":[0,0],"ix":2},"r":{"a":0,"k":0,"ix":6},"sa":{"a":0,"k":0,"ix":5},"o":{"a":0,"k":100,"ix":7}}]}],"ind":7},{"ty":4,"nm":"p1","mn":"","sr":1,"st":0,"op":61,"ip":0,"hd":false,"cl":"","ln":"","ddd":0,"bm":0,"hasMask":false,"ao":0,"ks":{"a":{"a":0,"k":[119.152,-60.401,0],"ix":1},"s":{"a":0,"k":[100,100,100],"ix":6},"sk":{"a":0,"k":0},"p":{"a":1,"k":[{"o":{"x":0.167,"y":0.167},"i":{"x":0.833,"y":0.833},"s":[50.152,113.599,0],"t":0},{"o":{"x":0.167,"y":0.167},"i":{"x":0.833,"y":0.833},"s":[69.152,26.599,0],"t":41}],"ix":2},"sa":{"a":0,"k":0},"o":{"a":1,"k":[{"o":{"x":0.167,"y":0.167},"i":{"x":0.833,"y":0.833},"s":[0],"t":3},{"o":{"x":0.167,"y":0.167},"i":{"x":0.833,"y":0.833},"s":[100],"t":15},{"o":{"x":0.167,"y":0.167},"i":{"x":0.833,"y":0.833},"s":[100],"t":31},{"o":{"x":0.167,"y":0.167},"i":{"x":0.833,"y":0.833},"s":[0],"t":41}],"ix":11},"r":{"a":1,"k":[{"o":{"x":0.167,"y":0.167},"i":{"x":0.833,"y":0.833},"s":[0],"t":0},{"o":{"x":0.167,"y":0.167},"i":{"x":0.833,"y":0.833},"s":[360],"t":65}],"ix":10}},"ef":[],"shapes":[{"ty":"gr","bm":0,"cl":"","ln":"","hd":false,"mn":"ADBE Vector Group","nm":"star","ix":3,"cix":2,"np":2,"it":[{"ty":"sh","bm":0,"cl":"","ln":"","hd":false,"mn":"ADBE Vector Shape - Group","nm":"Path 1","ix":1,"d":1,"ks":{"a":0,"k":{"c":true,"i":[[-0.499,-1.011],[0,0],[-0.443,-0.064],[0,0],[0.808,-0.787],[0,0],[-0.076,-0.441],[0,0],[0.998,0.525],[0,0],[0.396,-0.208],[0,0],[-0.191,1.112],[0,0],[0.321,0.313],[0,0],[-1.116,0.162],[0,0],[-0.198,0.402],[0,0]],"o":[[0,0],[0.198,0.402],[0,0],[1.116,0.162],[0,0],[-0.321,0.313],[0,0],[0.191,1.112],[0,0],[-0.396,-0.208],[0,0],[-0.998,0.525],[0,0],[0.076,-0.441],[0,0],[-0.808,-0.787],[0,0],[0.443,-0.064],[0,0],[0.499,-1.011]],"v":[[-25.78,-44.843],[-22.717,-38.636],[-21.692,-37.892],[-14.842,-36.896],[-14.088,-34.575],[-19.045,-29.744],[-19.436,-28.539],[-18.266,-21.718],[-20.24,-20.283],[-26.367,-23.504],[-27.633,-23.504],[-33.76,-20.283],[-35.734,-21.718],[-34.564,-28.539],[-34.955,-29.744],[-39.912,-34.575],[-39.158,-36.896],[-32.308,-37.892],[-31.283,-38.636],[-28.22,-44.843]]},"ix":2}},{"ty":"fl","bm":0,"cl":"","ln":"","hd":false,"mn":"ADBE Vector Graphic - Fill","nm":"Fill 1","c":{"a":0,"k":[0.9882,0.9373,0.8706],"ix":4},"r":1,"o":{"a":0,"k":100,"ix":5}},{"ty":"tr","a":{"a":0,"k":[0.002,-48.534],"ix":1},"s":{"a":0,"k":[100,100],"ix":3},"sk":{"a":0,"k":0,"ix":4},"p":{"a":0,"k":[145.5,-76.5],"ix":2},"r":{"a":0,"k":0,"ix":6},"sa":{"a":0,"k":0,"ix":5},"o":{"a":0,"k":100,"ix":7}}]}],"ind":8}],"id":"comp_0","fr":30},{"nm":"","mn":"","layers":[{"ty":4,"nm":"turn_white","mn":"","sr":1,"st":-15,"op":25,"ip":13,"hd":false,"cl":"","ln":"","ddd":0,"bm":0,"hasMask":false,"ao":0,"ks":{"a":{"a":0,"k":[-23.709,1,0],"ix":1},"s":{"a":0,"k":[100,100,100],"ix":6},"sk":{"a":0,"k":0},"p":{"a":0,"k":[176.291,201,0],"ix":2},"sa":{"a":0,"k":0},"o":{"a":0,"k":100,"ix":11},"r":{"a":0,"k":0,"ix":10}},"ef":[],"shapes":[{"ty":"gr","bm":0,"cl":"","ln":"","hd":false,"mn":"ADBE Vector Group","nm":"Group 1","ix":1,"cix":2,"np":3,"it":[{"ty":"sh","bm":0,"cl":"","ln":"","hd":false,"mn":"ADBE Vector Shape - Group","nm":"Path 1","ix":1,"d":1,"ks":{"a":1,"k":[{"o":{"x":0.167,"y":0.167},"i":{"x":0.833,"y":0.833},"s":[{"c":true,"i":[[0,0],[-11.984,1.525],[5.125,-0.821],[0,0],[12.454,-1.696],[7.667,-4.607]],"o":[[6,-3.553],[9.615,-1.223],[0,0],[-8.083,-1.863],[-12.284,1.673],[0,0]],"v":[[-0.5,39],[22.651,29.922],[45.583,31.422],[44.916,-36.523],[23.712,-37.19],[-0.5,-27.446]]}],"t":8},{"o":{"x":0.167,"y":0.167},"i":{"x":0.833,"y":0.833},"s":[{"c":true,"i":[[0,0],[-11.984,1.525],[-12.249,-1.589],[0,0],[12.454,-1.696],[7.667,-4.607]],"o":[[6,-3.553],[9.615,-1.223],[0,0],[-8.083,-1.863],[-12.284,1.673],[0,0]],"v":[[-0.5,39],[19.151,26.256],[39.916,29.756],[44.916,-36.523],[23.712,-37.19],[-0.5,-27.446]]}],"t":10},{"o":{"x":0.167,"y":0.167},"i":{"x":0.833,"y":0.833},"s":[{"c":true,"i":[[0,0],[-9.157,-0.595],[-11.249,0.272],[0,0],[8.588,-2.821],[4.583,-4.713]],"o":[[4.587,-3.436],[8.01,-0.761],[0,0],[-10.838,-1.065],[-8.912,0.346],[0,0]],"v":[[-0.5,39],[16.323,25.761],[32.749,29.311],[32.672,-37.435],[15.412,-41.679],[-0.5,-27.446]]}],"t":12},{"o":{"x":0.167,"y":0.167},"i":{"x":0.833,"y":0.833},"s":[{"c":true,"i":[[0,0],[-6.329,2.233],[-8.416,0.758],[0,0],[7.221,-4.999],[1.5,-4.819]],"o":[[3.175,-3.32],[8.171,-2.6],[0,0],[-4.76,2.054],[-6.446,1.835],[0,0]],"v":[[-0.5,39],[9.162,22.767],[23.666,24.742],[23.844,-43.137],[6.279,-45.001],[-0.5,-27.446]]}],"t":13},{"o":{"x":0.167,"y":0.167},"i":{"x":0.833,"y":0.833},"s":[{"c":true,"i":[[0,0],[-0.623,5.564],[3.805,1.625],[0,0],[1.662,-5.182],[0.066,-4.247]],"o":[[1.197,-3.156],[0.21,-6.302],[0,0],[-2.149,-1.445],[-1.089,6.539],[0,0]],"v":[[-0.5,39],[-0.344,23.176],[3.219,14.169],[3.285,-52.812],[0.506,-42.789],[-0.5,-27.446]]}],"t":14},{"o":{"x":0.167,"y":0.167},"i":{"x":0.833,"y":0.833},"s":[{"c":true,"i":[[0,0],[0.393,5.895],[0.713,4.43],[0,0],[-0.451,-4.642],[-0.651,-3.961]],"o":[[0.208,-3.075],[-0.403,-6.048],[0,0],[-0.927,-1.359],[0.747,5.665],[0,0]],"v":[[-0.5,39],[-5.263,23.548],[-5.296,12.903],[-5.286,-53.629],[-3.867,-42.071],[-0.5,-27.446]]}],"t":15},{"o":{"x":0.167,"y":0.167},"i":{"x":0.833,"y":0.833},"s":[{"c":true,"i":[[0,0],[2.665,6.052],[1.27,4.862],[0,0],[-2.564,-4.101],[-1.369,-3.675]],"o":[[-0.781,-2.993],[-2.317,-5.753],[0,0],[0.295,-1.273],[2.406,5.521],[0,0]],"v":[[-0.5,39],[-10.183,23.919],[-13.811,11.638],[-13.857,-54.445],[-10.073,-39.187],[-0.5,-27.446]]}],"t":16},{"o":{"x":0.167,"y":0.167},"i":{"x":0.833,"y":0.833},"s":[{"c":true,"i":[[0,0],[4.936,6.209],[1.826,5.295],[0,0],[-5.138,-4.28],[-2.086,-3.389]],"o":[[-1.77,-2.911],[-4.231,-5.458],[0,0],[1.517,-1.187],[4.421,3.919],[0,0]],"v":[[-0.5,39],[-15.102,24.29],[-22.326,10.372],[-22.428,-55.262],[-15.445,-40.137],[-0.5,-27.446]]}],"t":18},{"o":{"x":0.167,"y":0.167},"i":{"x":0.833,"y":0.833},"s":[{"c":true,"i":[[0,0],[7.972,3.99],[3.476,2.237],[0,0],[-7.696,-2.788],[-3.11,-2.981]],"o":[[-3.182,-2.795],[-6.9,-3.499],[0,0],[3.262,-1.064],[7.335,2.924],[0,0]],"v":[[-0.5,39],[-24.059,29.356],[-34.622,20.481],[-34.673,-45.559],[-19.617,-35.913],[-0.5,-27.446]]}],"t":21},{"o":{"x":0.167,"y":0.167},"i":{"x":0.833,"y":0.833},"s":[{"c":true,"i":[[0,0],[11.009,1.771],[5.125,-0.821],[0,0],[-10.714,-2.016],[-4.135,-2.572]],"o":[[-4.595,-2.678],[-9.569,-1.539],[0,0],[5.007,-0.941],[10.249,1.928],[0,0]],"v":[[-0.5,39],[-24.182,30.589],[-46.917,30.589],[-46.917,-35.857],[-22.288,-35.857],[-0.5,-27.446]]}],"t":24}],"ix":2}},{"ty":"fl","bm":0,"cl":"","ln":"","hd":false,"mn":"ADBE Vector Graphic - Fill","nm":"Fill 1","c":{"a":0,"k":[1,1,1],"ix":4},"r":1,"o":{"a":0,"k":100,"ix":5}},{"ty":"fl","bm":0,"cl":"","ln":"","hd":false,"mn":"ADBE Vector Graphic - Fill","nm":"Fill 2","c":{"a":0,"k":[1,1,1],"ix":4},"r":1,"o":{"a":0,"k":100,"ix":5}},{"ty":"tr","a":{"a":0,"k":[0,0],"ix":1},"s":{"a":0,"k":[100,100],"ix":3},"sk":{"a":0,"k":0,"ix":4},"p":{"a":0,"k":[0,0],"ix":2},"r":{"a":0,"k":0,"ix":6},"sa":{"a":0,"k":0,"ix":5},"o":{"a":0,"k":100,"ix":7}}]}],"ind":1},{"ty":4,"nm":"turn_cyan","mn":"","sr":1,"st":-19,"op":25,"ip":4,"hd":false,"cl":"","ln":"","ddd":0,"bm":0,"hasMask":false,"ao":0,"ks":{"a":{"a":0,"k":[-23.709,1,0],"ix":1},"s":{"a":0,"k":[100,100,100],"ix":6},"sk":{"a":0,"k":0},"p":{"a":0,"k":[176.291,201,0],"ix":2},"sa":{"a":0,"k":0},"o":{"a":0,"k":90,"ix":11},"r":{"a":0,"k":0,"ix":10}},"ef":[],"shapes":[{"ty":"gr","bm":0,"cl":"","ln":"","hd":false,"mn":"ADBE Vector Group","nm":"Group 1","ix":1,"cix":2,"np":2,"it":[{"ty":"sh","bm":0,"cl":"","ln":"","hd":false,"mn":"ADBE Vector Shape - Group","nm":"Path 1","ix":1,"d":1,"ks":{"a":1,"k":[{"o":{"x":0.167,"y":0.167},"i":{"x":0.833,"y":0.833},"s":[{"c":true,"i":[[0,0],[-11.984,1.525],[5.125,-0.821],[0,0],[12.454,-1.696],[7.667,-4.607]],"o":[[6,-3.553],[9.615,-1.223],[0,0],[-8.083,-1.863],[-12.284,1.673],[0,0]],"v":[[-0.5,39],[22.651,29.922],[45.583,31.422],[44.916,-36.523],[23.712,-37.19],[-0.5,-27.446]]}],"t":4},{"o":{"x":0.167,"y":0.167},"i":{"x":0.833,"y":0.833},"s":[{"c":true,"i":[[0,0],[-11.984,1.525],[-12.249,-1.589],[0,0],[12.454,-1.696],[7.667,-4.607]],"o":[[6,-3.553],[9.615,-1.223],[0,0],[-8.083,-1.863],[-12.284,1.673],[0,0]],"v":[[-0.5,39],[19.151,26.256],[39.916,29.756],[44.916,-36.523],[23.712,-37.19],[-0.5,-27.446]]}],"t":6},{"o":{"x":0.167,"y":0.167},"i":{"x":0.833,"y":0.833},"s":[{"c":true,"i":[[0,0],[-9.157,-0.595],[-11.249,0.272],[0,0],[8.588,-2.821],[4.583,-4.713]],"o":[[4.587,-3.436],[8.01,-0.761],[0,0],[-10.838,-1.065],[-8.912,0.346],[0,0]],"v":[[-0.5,39],[16.323,25.761],[32.749,29.311],[32.672,-37.435],[15.412,-41.679],[-0.5,-27.446]]}],"t":8},{"o":{"x":0.167,"y":0.167},"i":{"x":0.833,"y":0.833},"s":[{"c":true,"i":[[0,0],[-6.329,2.233],[-8.416,0.758],[0,0],[7.221,-4.999],[1.5,-4.819]],"o":[[3.175,-3.32],[8.171,-2.6],[0,0],[-4.76,2.054],[-6.446,1.835],[0,0]],"v":[[-0.5,39],[9.162,22.767],[23.666,24.742],[23.844,-43.137],[6.279,-45.001],[-0.5,-27.446]]}],"t":9},{"o":{"x":0.167,"y":0.167},"i":{"x":0.833,"y":0.833},"s":[{"c":true,"i":[[0,0],[-0.623,5.564],[3.805,1.625],[0,0],[1.662,-5.182],[0.066,-4.247]],"o":[[1.197,-3.156],[0.21,-6.302],[0,0],[-2.149,-1.445],[-1.089,6.539],[0,0]],"v":[[-0.5,39],[-0.344,23.176],[3.219,14.169],[3.285,-52.812],[0.506,-42.789],[-0.5,-27.446]]}],"t":10},{"o":{"x":0.167,"y":0.167},"i":{"x":0.833,"y":0.833},"s":[{"c":true,"i":[[0,0],[0.393,5.895],[0.713,4.43],[0,0],[-0.451,-4.642],[-0.651,-3.961]],"o":[[0.208,-3.075],[-0.403,-6.048],[0,0],[-0.927,-1.359],[0.747,5.665],[0,0]],"v":[[-0.5,39],[-5.263,23.548],[-5.296,12.903],[-5.286,-53.629],[-3.867,-42.071],[-0.5,-27.446]]}],"t":11},{"o":{"x":0.167,"y":0.167},"i":{"x":0.833,"y":0.833},"s":[{"c":true,"i":[[0,0],[2.665,6.052],[1.27,4.862],[0,0],[-2.564,-4.101],[-1.369,-3.675]],"o":[[-0.781,-2.993],[-2.317,-5.753],[0,0],[0.295,-1.273],[2.406,5.521],[0,0]],"v":[[-0.5,39],[-10.183,23.919],[-13.811,11.638],[-13.857,-54.445],[-10.073,-39.187],[-0.5,-27.446]]}],"t":12},{"o":{"x":0.167,"y":0.167},"i":{"x":0.833,"y":0.833},"s":[{"c":true,"i":[[0,0],[4.936,6.209],[1.826,5.295],[0,0],[-5.138,-4.28],[-2.086,-3.389]],"o":[[-1.77,-2.911],[-4.231,-5.458],[0,0],[1.517,-1.187],[4.421,3.919],[0,0]],"v":[[-0.5,39],[-15.102,24.29],[-22.326,10.372],[-22.428,-55.262],[-15.445,-40.137],[-0.5,-27.446]]}],"t":13},{"o":{"x":0.167,"y":0.167},"i":{"x":0.833,"y":0.833},"s":[{"c":true,"i":[[0,0],[7.972,3.99],[3.476,2.237],[0,0],[-7.696,-2.788],[-3.11,-2.981]],"o":[[-3.182,-2.795],[-6.9,-3.499],[0,0],[3.262,-1.064],[7.335,2.924],[0,0]],"v":[[-0.5,39],[-24.059,29.356],[-34.622,20.481],[-34.673,-45.559],[-19.617,-35.913],[-0.5,-27.446]]}],"t":15},{"o":{"x":0.167,"y":0.167},"i":{"x":0.833,"y":0.833},"s":[{"c":true,"i":[[0,0],[11.009,1.771],[5.125,-0.821],[0,0],[-10.714,-2.016],[-4.135,-2.572]],"o":[[-4.595,-2.678],[-9.569,-1.539],[0,0],[5.007,-0.941],[10.249,1.928],[0,0]],"v":[[-0.5,39],[-24.182,30.589],[-46.917,30.589],[-46.917,-35.857],[-22.288,-35.857],[-0.5,-27.446]]}],"t":17}],"ix":2}},{"ty":"fl","bm":0,"cl":"","ln":"","hd":false,"mn":"ADBE Vector Graphic - Fill","nm":"Fill 1","c":{"a":1,"k":[{"o":{"x":0.167,"y":0.167},"i":{"x":0.833,"y":0.833},"s":[1,1,1],"t":4},{"o":{"x":0.167,"y":0.167},"i":{"x":0.833,"y":0.833},"s":[0.9059,0.8667,0.9882],"t":8},{"o":{"x":0.167,"y":0.167},"i":{"x":0.833,"y":0.833},"s":[0.9059,0.8667,0.9882],"t":10},{"o":{"x":0.167,"y":0.167},"i":{"x":0.833,"y":0.833},"s":[0.7961,0.9922,0.8745],"t":13},{"o":{"x":0.167,"y":0.167},"i":{"x":0.833,"y":0.833},"s":[1,1,1],"t":19}],"ix":4},"r":1,"o":{"a":0,"k":100,"ix":5}},{"ty":"tr","a":{"a":0,"k":[0,0],"ix":1},"s":{"a":0,"k":[100,100],"ix":3},"sk":{"a":0,"k":0,"ix":4},"p":{"a":0,"k":[0,0],"ix":2},"r":{"a":0,"k":0,"ix":6},"sa":{"a":0,"k":0,"ix":5},"o":{"a":0,"k":100,"ix":7}}]}],"ind":2},{"ty":4,"nm":"turn_pink","mn":"","sr":1,"st":-22,"op":25,"ip":0,"hd":false,"cl":"","ln":"","ddd":0,"bm":0,"hasMask":false,"ao":0,"ks":{"a":{"a":0,"k":[-23.709,1,0],"ix":1},"s":{"a":0,"k":[100,100,100],"ix":6},"sk":{"a":0,"k":0},"p":{"a":0,"k":[176.291,201,0],"ix":2},"sa":{"a":0,"k":0},"o":{"a":0,"k":90,"ix":11},"r":{"a":0,"k":0,"ix":10}},"ef":[],"shapes":[{"ty":"gr","bm":0,"cl":"","ln":"","hd":false,"mn":"ADBE Vector Group","nm":"Group 1","ix":1,"cix":2,"np":2,"it":[{"ty":"sh","bm":0,"cl":"","ln":"","hd":false,"mn":"ADBE Vector Shape - Group","nm":"Path 1","ix":1,"d":1,"ks":{"a":1,"k":[{"o":{"x":0.167,"y":0.167},"i":{"x":0.833,"y":0.833},"s":[{"c":true,"i":[[0,0],[-11.984,1.525],[5.125,-0.821],[0,0],[12.454,-1.696],[7.667,-4.607]],"o":[[6,-3.553],[9.615,-1.223],[0,0],[-8.083,-1.863],[-12.284,1.673],[0,0]],"v":[[-0.5,39],[22.651,29.922],[45.583,31.422],[44.916,-36.523],[23.712,-37.19],[-0.5,-27.446]]}],"t":1},{"o":{"x":0.167,"y":0.167},"i":{"x":0.833,"y":0.833},"s":[{"c":true,"i":[[0,0],[-11.984,1.525],[-12.249,-1.589],[0,0],[12.454,-1.696],[7.667,-4.607]],"o":[[6,-3.553],[9.615,-1.223],[0,0],[-8.083,-1.863],[-12.284,1.673],[0,0]],"v":[[-0.5,39],[19.151,26.256],[39.916,29.756],[44.916,-36.523],[23.712,-37.19],[-0.5,-27.446]]}],"t":3},{"o":{"x":0.167,"y":0.167},"i":{"x":0.833,"y":0.833},"s":[{"c":true,"i":[[0,0],[-9.157,-0.595],[-11.249,0.272],[0,0],[8.588,-2.821],[4.583,-4.713]],"o":[[4.587,-3.436],[8.01,-0.761],[0,0],[-10.838,-1.065],[-8.912,0.346],[0,0]],"v":[[-0.5,39],[16.323,25.761],[32.749,29.311],[32.672,-37.435],[15.412,-41.679],[-0.5,-27.446]]}],"t":5},{"o":{"x":0.167,"y":0.167},"i":{"x":0.833,"y":0.833},"s":[{"c":true,"i":[[0,0],[-6.329,2.233],[-8.416,0.758],[0,0],[7.221,-4.999],[1.5,-4.819]],"o":[[3.175,-3.32],[8.171,-2.6],[0,0],[-4.76,2.054],[-6.446,1.835],[0,0]],"v":[[-0.5,39],[9.162,22.767],[23.666,24.742],[23.844,-43.137],[6.279,-45.001],[-0.5,-27.446]]}],"t":6},{"o":{"x":0.167,"y":0.167},"i":{"x":0.833,"y":0.833},"s":[{"c":true,"i":[[0,0],[-0.623,5.564],[3.805,1.625],[0,0],[1.662,-5.182],[0.066,-4.247]],"o":[[1.197,-3.156],[0.21,-6.302],[0,0],[-2.149,-1.445],[-1.089,6.539],[0,0]],"v":[[-0.5,39],[-0.344,23.176],[3.219,14.169],[3.285,-52.812],[0.506,-42.789],[-0.5,-27.446]]}],"t":7},{"o":{"x":0.167,"y":0.167},"i":{"x":0.833,"y":0.833},"s":[{"c":true,"i":[[0,0],[0.393,5.895],[0.713,4.43],[0,0],[-0.451,-4.642],[-0.651,-3.961]],"o":[[0.208,-3.075],[-0.403,-6.048],[0,0],[-0.927,-1.359],[0.747,5.665],[0,0]],"v":[[-0.5,39],[-5.263,23.548],[-5.296,12.903],[-5.286,-53.629],[-3.867,-42.071],[-0.5,-27.446]]}],"t":8},{"o":{"x":0.167,"y":0.167},"i":{"x":0.833,"y":0.833},"s":[{"c":true,"i":[[0,0],[2.665,6.052],[1.27,4.862],[0,0],[-2.564,-4.101],[-1.369,-3.675]],"o":[[-0.781,-2.993],[-2.317,-5.753],[0,0],[0.295,-1.273],[2.406,5.521],[0,0]],"v":[[-0.5,39],[-10.183,23.919],[-13.811,11.638],[-13.857,-54.445],[-10.073,-39.187],[-0.5,-27.446]]}],"t":9},{"o":{"x":0.167,"y":0.167},"i":{"x":0.833,"y":0.833},"s":[{"c":true,"i":[[0,0],[4.936,6.209],[1.826,5.295],[0,0],[-5.138,-4.28],[-2.086,-3.389]],"o":[[-1.77,-2.911],[-4.231,-5.458],[0,0],[1.517,-1.187],[4.421,3.919],[0,0]],"v":[[-0.5,39],[-15.102,24.29],[-22.326,10.372],[-22.428,-55.262],[-15.445,-40.137],[-0.5,-27.446]]}],"t":10},{"o":{"x":0.167,"y":0.167},"i":{"x":0.833,"y":0.833},"s":[{"c":true,"i":[[0,0],[7.972,3.99],[3.476,2.237],[0,0],[-7.696,-2.788],[-3.11,-2.981]],"o":[[-3.182,-2.795],[-6.9,-3.499],[0,0],[3.262,-1.064],[7.335,2.924],[0,0]],"v":[[-0.5,39],[-24.059,29.356],[-34.622,20.481],[-34.673,-45.559],[-19.617,-35.913],[-0.5,-27.446]]}],"t":12},{"o":{"x":0.167,"y":0.167},"i":{"x":0.833,"y":0.833},"s":[{"c":true,"i":[[0,0],[11.009,1.771],[5.125,-0.821],[0,0],[-10.714,-2.016],[-4.135,-2.572]],"o":[[-4.595,-2.678],[-9.569,-1.539],[0,0],[5.007,-0.941],[10.249,1.928],[0,0]],"v":[[-0.5,39],[-24.182,30.589],[-46.917,30.589],[-46.917,-35.857],[-22.288,-35.857],[-0.5,-27.446]]}],"t":14}],"ix":2}},{"ty":"fl","bm":0,"cl":"","ln":"","hd":false,"mn":"ADBE Vector Graphic - Fill","nm":"Fill 1","c":{"a":1,"k":[{"o":{"x":0.167,"y":0.167},"i":{"x":0.833,"y":0.833},"s":[1,1,1],"t":1},{"o":{"x":0.167,"y":0.167},"i":{"x":0.833,"y":0.833},"s":[0.9059,0.8667,0.9882],"t":5},{"o":{"x":0.167,"y":0.167},"i":{"x":0.833,"y":0.833},"s":[0.9059,0.8667,0.9882],"t":7},{"o":{"x":0.167,"y":0.167},"i":{"x":0.833,"y":0.833},"s":[0.9882,0.9294,0.9294],"t":10},{"o":{"x":0.167,"y":0.167},"i":{"x":0.833,"y":0.833},"s":[1,1,1],"t":16}],"ix":4},"r":1,"o":{"a":0,"k":100,"ix":5}},{"ty":"tr","a":{"a":0,"k":[0,0],"ix":1},"s":{"a":0,"k":[100,100],"ix":3},"sk":{"a":0,"k":0,"ix":4},"p":{"a":0,"k":[0,0],"ix":2},"r":{"a":0,"k":0,"ix":6},"sa":{"a":0,"k":0,"ix":5},"o":{"a":0,"k":100,"ix":7}}]}],"ind":3},{"ty":4,"nm":"turn_cyan 3","mn":"","sr":1,"st":-20,"op":24,"ip":3,"hd":false,"cl":"","ln":"","ddd":0,"bm":0,"hasMask":false,"ao":0,"ks":{"a":{"a":0,"k":[-23.709,1,0],"ix":1},"s":{"a":0,"k":[100,100,100],"ix":6},"sk":{"a":0,"k":0},"p":{"a":0,"k":[176.291,201,0],"ix":2},"sa":{"a":0,"k":0},"o":{"a":0,"k":90,"ix":11},"r":{"a":0,"k":0,"ix":10}},"ef":[],"shapes":[{"ty":"gr","bm":0,"cl":"","ln":"","hd":false,"mn":"ADBE Vector Group","nm":"Group 1","ix":1,"cix":2,"np":2,"it":[{"ty":"sh","bm":0,"cl":"","ln":"","hd":false,"mn":"ADBE Vector Shape - Group","nm":"Path 1","ix":1,"d":1,"ks":{"a":1,"k":[{"o":{"x":0.167,"y":0.167},"i":{"x":0.833,"y":0.833},"s":[{"c":true,"i":[[0,0],[-11.984,1.525],[5.125,-0.821],[0,0],[12.454,-1.696],[7.667,-4.607]],"o":[[6,-3.553],[9.615,-1.223],[0,0],[-8.083,-1.863],[-12.284,1.673],[0,0]],"v":[[-0.5,39],[22.651,29.922],[45.583,31.422],[44.916,-36.523],[23.712,-37.19],[-0.5,-27.446]]}],"t":3},{"o":{"x":0.167,"y":0.167},"i":{"x":0.833,"y":0.833},"s":[{"c":true,"i":[[0,0],[-11.984,1.525],[-12.249,-1.589],[0,0],[12.454,-1.696],[7.667,-4.607]],"o":[[6,-3.553],[9.615,-1.223],[0,0],[-8.083,-1.863],[-12.284,1.673],[0,0]],"v":[[-0.5,39],[19.151,26.256],[39.916,29.756],[44.916,-36.523],[23.712,-37.19],[-0.5,-27.446]]}],"t":5},{"o":{"x":0.167,"y":0.167},"i":{"x":0.833,"y":0.833},"s":[{"c":true,"i":[[0,0],[-9.157,-0.595],[-11.249,0.272],[0,0],[8.588,-2.821],[4.583,-4.713]],"o":[[4.587,-3.436],[8.01,-0.761],[0,0],[-10.838,-1.065],[-8.912,0.346],[0,0]],"v":[[-0.5,39],[16.323,25.761],[32.749,29.311],[32.672,-37.435],[15.412,-41.679],[-0.5,-27.446]]}],"t":7},{"o":{"x":0.167,"y":0.167},"i":{"x":0.833,"y":0.833},"s":[{"c":true,"i":[[0,0],[-6.329,2.233],[-8.416,0.758],[0,0],[7.221,-4.999],[1.5,-4.819]],"o":[[3.175,-3.32],[8.171,-2.6],[0,0],[-4.76,2.054],[-6.446,1.835],[0,0]],"v":[[-0.5,39],[9.162,22.767],[23.666,24.742],[23.844,-43.137],[6.279,-45.001],[-0.5,-27.446]]}],"t":8},{"o":{"x":0.167,"y":0.167},"i":{"x":0.833,"y":0.833},"s":[{"c":true,"i":[[0,0],[-0.623,5.564],[3.805,1.625],[0,0],[1.662,-5.182],[0.066,-4.247]],"o":[[1.197,-3.156],[0.21,-6.302],[0,0],[-2.149,-1.445],[-1.089,6.539],[0,0]],"v":[[-0.5,39],[-0.344,23.176],[3.219,14.169],[3.285,-52.812],[0.506,-42.789],[-0.5,-27.446]]}],"t":9},{"o":{"x":0.167,"y":0.167},"i":{"x":0.833,"y":0.833},"s":[{"c":true,"i":[[0,0],[0.393,5.895],[0.713,4.43],[0,0],[-0.451,-4.642],[-0.651,-3.961]],"o":[[0.208,-3.075],[-0.403,-6.048],[0,0],[-0.927,-1.359],[0.747,5.665],[0,0]],"v":[[-0.5,39],[-5.263,23.548],[-5.296,12.903],[-5.286,-53.629],[-3.867,-42.071],[-0.5,-27.446]]}],"t":10},{"o":{"x":0.167,"y":0.167},"i":{"x":0.833,"y":0.833},"s":[{"c":true,"i":[[0,0],[2.665,6.052],[1.27,4.862],[0,0],[-2.564,-4.101],[-1.369,-3.675]],"o":[[-0.781,-2.993],[-2.317,-5.753],[0,0],[0.295,-1.273],[2.406,5.521],[0,0]],"v":[[-0.5,39],[-10.183,23.919],[-13.811,11.638],[-13.857,-54.445],[-10.073,-39.187],[-0.5,-27.446]]}],"t":11},{"o":{"x":0.167,"y":0.167},"i":{"x":0.833,"y":0.833},"s":[{"c":true,"i":[[0,0],[4.936,6.209],[1.826,5.295],[0,0],[-5.138,-4.28],[-2.086,-3.389]],"o":[[-1.77,-2.911],[-4.231,-5.458],[0,0],[1.517,-1.187],[4.421,3.919],[0,0]],"v":[[-0.5,39],[-15.102,24.29],[-22.326,10.372],[-22.428,-55.262],[-15.445,-40.137],[-0.5,-27.446]]}],"t":12},{"o":{"x":0.167,"y":0.167},"i":{"x":0.833,"y":0.833},"s":[{"c":true,"i":[[0,0],[7.972,3.99],[3.476,2.237],[0,0],[-7.696,-2.788],[-3.11,-2.981]],"o":[[-3.182,-2.795],[-6.9,-3.499],[0,0],[3.262,-1.064],[7.335,2.924],[0,0]],"v":[[-0.5,39],[-24.059,29.356],[-34.622,20.481],[-34.673,-45.559],[-19.617,-35.913],[-0.5,-27.446]]}],"t":14},{"o":{"x":0.167,"y":0.167},"i":{"x":0.833,"y":0.833},"s":[{"c":true,"i":[[0,0],[11.009,1.771],[5.125,-0.821],[0,0],[-10.714,-2.016],[-4.135,-2.572]],"o":[[-4.595,-2.678],[-9.569,-1.539],[0,0],[5.007,-0.941],[10.249,1.928],[0,0]],"v":[[-0.5,39],[-24.182,30.589],[-46.917,30.589],[-46.917,-35.857],[-22.288,-35.857],[-0.5,-27.446]]}],"t":16}],"ix":2}},{"ty":"fl","bm":0,"cl":"","ln":"","hd":false,"mn":"ADBE Vector Graphic - Fill","nm":"Fill 1","c":{"a":1,"k":[{"o":{"x":0.167,"y":0.167},"i":{"x":0.833,"y":0.833},"s":[1,1,1],"t":5},{"o":{"x":0.167,"y":0.167},"i":{"x":0.833,"y":0.833},"s":[0.9059,0.8667,0.9882],"t":9},{"o":{"x":0.167,"y":0.167},"i":{"x":0.833,"y":0.833},"s":[0.7961,0.9922,0.8745],"t":12},{"o":{"x":0.167,"y":0.167},"i":{"x":0.833,"y":0.833},"s":[1,1,1],"t":18}],"ix":4},"r":1,"o":{"a":0,"k":100,"ix":5}},{"ty":"tr","a":{"a":0,"k":[0,0],"ix":1},"s":{"a":0,"k":[100,100],"ix":3},"sk":{"a":0,"k":0,"ix":4},"p":{"a":0,"k":[0,0],"ix":2},"r":{"a":0,"k":0,"ix":6},"sa":{"a":0,"k":0,"ix":5},"o":{"a":0,"k":100,"ix":7}}]}],"ind":4},{"ty":4,"nm":"turn_white 2","mn":"","sr":1,"st":-15,"op":13,"ip":12,"hd":false,"cl":"","ln":"","ddd":0,"bm":0,"hasMask":false,"ao":0,"ks":{"a":{"a":0,"k":[-23.709,1,0],"ix":1},"s":{"a":0,"k":[100,100,100],"ix":6},"sk":{"a":0,"k":0},"p":{"a":0,"k":[176.291,201,0],"ix":2},"sa":{"a":0,"k":0},"o":{"a":0,"k":100,"ix":11},"r":{"a":0,"k":0,"ix":10}},"ef":[],"shapes":[{"ty":"gr","bm":0,"cl":"","ln":"","hd":false,"mn":"ADBE Vector Group","nm":"Group 1","ix":1,"cix":2,"np":3,"it":[{"ty":"sh","bm":0,"cl":"","ln":"","hd":false,"mn":"ADBE Vector Shape - Group","nm":"Path 1","ix":1,"d":1,"ks":{"a":1,"k":[{"o":{"x":0.167,"y":0.167},"i":{"x":0.833,"y":0.833},"s":[{"c":true,"i":[[0,0],[-11.984,1.525],[5.125,-0.821],[0,0],[12.454,-1.696],[7.667,-4.607]],"o":[[6,-3.553],[9.615,-1.223],[0,0],[-8.083,-1.863],[-12.284,1.673],[0,0]],"v":[[-0.5,39],[22.651,29.922],[45.583,31.422],[44.916,-36.523],[23.712,-37.19],[-0.5,-27.446]]}],"t":8},{"o":{"x":0.167,"y":0.167},"i":{"x":0.833,"y":0.833},"s":[{"c":true,"i":[[0,0],[-11.984,1.525],[-12.249,-1.589],[0,0],[12.454,-1.696],[7.667,-4.607]],"o":[[6,-3.553],[9.615,-1.223],[0,0],[-8.083,-1.863],[-12.284,1.673],[0,0]],"v":[[-0.5,39],[19.151,26.256],[39.916,29.756],[44.916,-36.523],[23.712,-37.19],[-0.5,-27.446]]}],"t":10},{"o":{"x":0.167,"y":0.167},"i":{"x":0.833,"y":0.833},"s":[{"c":true,"i":[[0,0],[-9.157,-0.595],[-11.249,0.272],[0,0],[8.588,-2.821],[4.583,-4.713]],"o":[[4.587,-3.436],[8.01,-0.761],[0,0],[-10.838,-1.065],[-8.912,0.346],[0,0]],"v":[[-0.5,39],[16.323,25.761],[32.749,29.311],[32.672,-37.435],[15.412,-41.679],[-0.5,-27.446]]}],"t":12},{"o":{"x":0.167,"y":0.167},"i":{"x":0.833,"y":0.833},"s":[{"c":true,"i":[[0,0],[-6.329,2.233],[-8.416,0.758],[0,0],[7.221,-4.999],[1.5,-4.819]],"o":[[3.175,-3.32],[8.171,-2.6],[0,0],[-4.76,2.054],[-6.446,1.835],[0,0]],"v":[[-0.5,39],[9.162,22.767],[23.666,24.742],[23.844,-43.137],[6.279,-45.001],[-0.5,-27.446]]}],"t":13},{"o":{"x":0.167,"y":0.167},"i":{"x":0.833,"y":0.833},"s":[{"c":true,"i":[[0,0],[-0.623,5.564],[3.805,1.625],[0,0],[1.662,-5.182],[0.066,-4.247]],"o":[[1.197,-3.156],[0.21,-6.302],[0,0],[-2.149,-1.445],[-1.089,6.539],[0,0]],"v":[[-0.5,39],[-0.344,23.176],[3.219,14.169],[3.285,-52.812],[0.506,-42.789],[-0.5,-27.446]]}],"t":14},{"o":{"x":0.167,"y":0.167},"i":{"x":0.833,"y":0.833},"s":[{"c":true,"i":[[0,0],[0.393,5.895],[0.713,4.43],[0,0],[-0.451,-4.642],[-0.651,-3.961]],"o":[[0.208,-3.075],[-0.403,-6.048],[0,0],[-0.927,-1.359],[0.747,5.665],[0,0]],"v":[[-0.5,39],[-5.263,23.548],[-5.296,12.903],[-5.286,-53.629],[-3.867,-42.071],[-0.5,-27.446]]}],"t":15},{"o":{"x":0.167,"y":0.167},"i":{"x":0.833,"y":0.833},"s":[{"c":true,"i":[[0,0],[2.665,6.052],[1.27,4.862],[0,0],[-2.564,-4.101],[-1.369,-3.675]],"o":[[-0.781,-2.993],[-2.317,-5.753],[0,0],[0.295,-1.273],[2.406,5.521],[0,0]],"v":[[-0.5,39],[-10.183,23.919],[-13.811,11.638],[-13.857,-54.445],[-10.073,-39.187],[-0.5,-27.446]]}],"t":16},{"o":{"x":0.167,"y":0.167},"i":{"x":0.833,"y":0.833},"s":[{"c":true,"i":[[0,0],[4.936,6.209],[1.826,5.295],[0,0],[-5.138,-4.28],[-2.086,-3.389]],"o":[[-1.77,-2.911],[-4.231,-5.458],[0,0],[1.517,-1.187],[4.421,3.919],[0,0]],"v":[[-0.5,39],[-15.102,24.29],[-22.326,10.372],[-22.428,-55.262],[-15.445,-40.137],[-0.5,-27.446]]}],"t":17},{"o":{"x":0.167,"y":0.167},"i":{"x":0.833,"y":0.833},"s":[{"c":true,"i":[[0,0],[7.972,3.99],[3.476,2.237],[0,0],[-7.696,-2.788],[-3.11,-2.981]],"o":[[-3.182,-2.795],[-6.9,-3.499],[0,0],[3.262,-1.064],[7.335,2.924],[0,0]],"v":[[-0.5,39],[-24.059,29.356],[-34.622,20.481],[-34.673,-45.559],[-19.617,-35.913],[-0.5,-27.446]]}],"t":19},{"o":{"x":0.167,"y":0.167},"i":{"x":0.833,"y":0.833},"s":[{"c":true,"i":[[0,0],[11.009,1.771],[5.125,-0.821],[0,0],[-10.714,-2.016],[-4.135,-2.572]],"o":[[-4.595,-2.678],[-9.569,-1.539],[0,0],[5.007,-0.941],[10.249,1.928],[0,0]],"v":[[-0.5,39],[-24.182,30.589],[-46.917,30.589],[-46.917,-35.857],[-22.288,-35.857],[-0.5,-27.446]]}],"t":21}],"ix":2}},{"ty":"fl","bm":0,"cl":"","ln":"","hd":false,"mn":"ADBE Vector Graphic - Fill","nm":"Fill 1","c":{"a":0,"k":[1,1,1],"ix":4},"r":1,"o":{"a":0,"k":100,"ix":5}},{"ty":"fl","bm":0,"cl":"","ln":"","hd":false,"mn":"ADBE Vector Graphic - Fill","nm":"Fill 2","c":{"a":0,"k":[1,1,1],"ix":4},"r":1,"o":{"a":0,"k":100,"ix":5}},{"ty":"tr","a":{"a":0,"k":[0,0],"ix":1},"s":{"a":0,"k":[100,100],"ix":3},"sk":{"a":0,"k":0,"ix":4},"p":{"a":0,"k":[0,0],"ix":2},"r":{"a":0,"k":0,"ix":6},"sa":{"a":0,"k":0,"ix":5},"o":{"a":0,"k":100,"ix":7}}]}],"ind":5}],"id":"comp_1","fr":30}]}